{"cameraMode":{"drawMode":0,"name":"Shaded","section":"Shading Mode"},"sceneLighting":true,"audioPlay":false,"sceneViewState":{"showFog":false,"showMaterialUpdate":false,"showSkybox":false,"showFlares":false,"showImageEffects":false,"showParticleSystems":false},"in2DMode":false,"pivot":{"x":-8.913293838500977,"y":-3.5930395126342775,"z":8.325250625610352},"rotation":{"x":-0.32353079319000246,"y":0.44830480217933657,"z":-0.17818163335323335,"w":-0.8140036463737488},"size":23.501789093017579,"orthographic":false}